{"cameraMode":{"drawMode":0,"name":"Shaded","section":"Shading Mode"},"sceneLighting":true,"audioPlay":false,"sceneViewState":{"m_AlwaysRefresh":false,"showFog":true,"showSkybox":true,"showFlares":true,"showImageEffects":true,"showParticleSystems":true,"showVisualEffectGraphs":true,"m_FxEnabled":true},"in2DMode":false,"pivot":{"x":0.6236452460289002,"y":-4.705587387084961,"z":7.885441303253174},"rotation":{"x":0.5758896470069885,"y":0.016877008602023126,"z":-0.012083275243639946,"w":0.8173308968544006},"size":14.022130966186524,"orthographic":false}